residuos,dia_semana,hora,temperatura,Predicción
57.35678213777273,5,3,20.710999247060215,57.35678213777273
66.42202894672991,1,14,19.978099967618157,57.35678213777273
